coupling	strength
2,	0.9768647310026863
5,	-0.7198777736098028
1,	0.6233968099917231
1, 4	0.1144502769049014
6,	0.018887604888044418
6, 7	0.8676454302385639
5, 7	-0.8518771865962691
4, 7	-0.4066515486390183
7,	-0.8826051880481369
4,	0.9401816900975075
3,	0.6152441753001572
3, 4	-0.42498188834166095
2, 4	-0.07115615762952565